{
  "display": {
    "icon": {
      "item": "kittyhead:power"
    },
    "title": {
      "translate": "advancements.supermeow.title"
    },
    "description": {
      "translate": "advancements.supermeow.descr"
    },
    "frame": "task",
    "show_toast": true,
    "announce_to_chat": true,
    "hidden": false
  },
  "criteria": {
    "supermeow_0": {
      "trigger": "minecraft:location",
      "conditions": {
        "player": [
          {
            "condition": "minecraft:entity_properties",
            "entity": "this",
            "predicate": {
              "location": {
                "biome": "kittyhead:wmeow"
              }
            }
          }
        ]
      }
    }
  },
  "rewards": {
    "experience": 9999
  },
  "parent": "minecraft:adventure/adventuring_time"
}