{
  "_fv": 79,
  "_type": "tool",
  "definition": {
    "toolType": "Pickaxe",
    "renderType": 0,
    "blockingRenderType": 0,
    "texture": "cat_head",
    "customModelName": "Normal",
    "blockingModelName": "Normal blocking",
    "guiTexture": "cat_head",
    "name": "POWER",
    "specialInformation": {
      "fixedValue": [
        "THE POWETFULLEST TOOL"
      ]
    },
    "creativeTabs": [
      {
        "value": "TOOLS"
      }
    ],
    "efficiency": 10000.0,
    "attackSpeed": 100.0,
    "enchantability": 100,
    "damageVsEntity": 1000.0,
    "usageCount": 1188,
    "glowCondition": {
      "fixedValue": false
    },
    "repairItems": [
      {
        "value": "Blocks.REPEATING_COMMAND_BLOCK"
      }
    ],
    "immuneToFire": true,
    "blockDropsTier": "NETHERITE",
    "blocksAffected": [],
    "stayInGridWhenCrafting": false,
    "damageOnCrafting": false
  }
}