{
  "_fv": 79,
  "_type": "achievement",
  "definition": {
    "achievementName": "MEOW MEOW",
    "achievementDescription": "ENTER THE MEOW DEMNSIEN",
    "achievementIcon": {
      "value": "CUSTOM:POWER"
    },
    "background": "Default",
    "disableDisplay": false,
    "showPopup": true,
    "announceToChat": true,
    "hideIfNotCompleted": false,
    "rewardLoot": [],
    "rewardRecipes": [],
    "rewardXP": 9999,
    "achievementType": "task",
    "parent": {
      "value": "adventure/adventuring_time"
    },
    "triggerxml": "<xml xmlns=\"https://developers.google.com/blockly/xml\"><block type=\"advancement_trigger\" deletable=\"false\" x=\"297\" y=\"78\"><next><block type=\"biome_entered\"><field name=\"biome\">CUSTOM:Wmeow</field></block></next></block></xml>"
  }
}