{
  "_fv": 79,
  "_type": "biome",
  "definition": {
    "name": "meow",
    "groundBlock": {
      "value": "Blocks.DIAMOND_ORE"
    },
    "undergroundBlock": {
      "value": "Blocks.GOLD_ORE"
    },
    "underwaterBlock": {
      "value": ""
    },
    "airColor": {
      "value": -65536,
      "falpha": 0.0
    },
    "fogColor": {
      "value": -13369549,
      "falpha": 0.0
    },
    "grassColor": {
      "value": -16777216,
      "falpha": 0.0
    },
    "foliageColor": {
      "value": -13369396,
      "falpha": 0.0
    },
    "waterColor": {
      "value": -10092544,
      "falpha": 0.0
    },
    "waterFogColor": {
      "value": -13421569,
      "falpha": 0.0
    },
    "ambientSound": {
      "value": "block.conduit.ambient.short"
    },
    "additionsSound": {
      "value": ""
    },
    "music": {
      "value": "block.cherry_leaves.place"
    },
    "moodSound": {
      "value": ""
    },
    "moodSoundDelay": 6000,
    "spawnParticles": true,
    "particleToSpawn": {
      "value": "CHERRY_LEAVES"
    },
    "particlesProbability": 1.0,
    "rainingPossibility": 0.5,
    "temperature": 2.0,
    "spawnBiome": true,
    "spawnInCaves": false,
    "spawnBiomeNether": false,
    "genTemperature": {
      "min": -0.49720000000000003,
      "max": 0.5085999999999999
    },
    "genHumidity": {
      "min": -1.0E-4,
      "max": 1.0
    },
    "genContinentalness": {
      "min": 0.3033,
      "max": 1.0025
    },
    "genErosion": {
      "min": -0.5,
      "max": 0.5
    },
    "genWeirdness": {
      "min": -1.0,
      "max": 1.0
    },
    "treesPerChunk": 1,
    "vanillaTreeType": "Birch trees",
    "treeType": 1,
    "minHeight": 32,
    "treeStem": {
      "value": "Blocks.DIAMOND_ORE"
    },
    "treeBranch": {
      "value": "Blocks.SLIME_BLOCK"
    },
    "treeVines": {
      "value": ""
    },
    "treeFruits": {
      "value": ""
    },
    "defaultFeatures": [
      "Caves",
      "Ores",
      "FrozenTopLayer"
    ],
    "spawnStronghold": true,
    "spawnMineshaft": false,
    "spawnMineshaftMesa": false,
    "spawnPillagerOutpost": false,
    "villageType": "plains",
    "spawnWoodlandMansion": true,
    "spawnJungleTemple": false,
    "spawnDesertPyramid": false,
    "spawnSwampHut": false,
    "spawnIgloo": false,
    "spawnOceanMonument": false,
    "spawnShipwreck": true,
    "spawnShipwreckBeached": true,
    "spawnBuriedTreasure": true,
    "oceanRuinType": "WARM",
    "spawnNetherBridge": true,
    "spawnNetherFossil": false,
    "spawnBastionRemnant": false,
    "spawnEndCity": true,
    "spawnRuinedPortal": "STANDARD",
    "spawnEntries": [
      {
        "entity": {
          "value": "EntityCat"
        },
        "minGroup": 4,
        "maxGroup": 4,
        "weight": 100,
        "spawnType": "creature"
      }
    ]
  }
}