{
  "has_precipitation": true,
  "temperature": 2,
  "downfall": 0.5,
  "effects": {
    "ambient_sound": "block.conduit.ambient.short",
    "music": {
      "sound": "block.cherry_leaves.place",
      "min_delay": 12000,
      "max_delay": 24000,
      "replace_current_music": true
    },
    "particle": {
      "options": {
        "type": "cherry_leaves"
      },
      "probability": 0.01
    },
    "foliage_color": -13369396,
    "grass_color": -16777216,
    "sky_color": -65536,
    "fog_color": -65536,
    "water_color": -10092544,
    "water_fog_color": -13421569
  },
  "spawners": {
    "monster": [],
    "creature": [
      {
        "type": "cat",
        "weight": 100,
        "minCount": 4,
        "maxCount": 4
      }
    ],
    "ambient": [],
    "axolotls": [],
    "underground_water_creature": [],
    "water_creature": [],
    "water_ambient": [],
    "misc": []
  },
  "spawn_costs": {},
  "carvers": {
    "air": [
      "minecraft:cave",
      "minecraft:cave_extra_underground",
      "minecraft:canyon"
    ]
  },
  "features": [
    [],
    [
      "minecraft:lake_lava_underground"
    ],
    [],
    [],
    [],
    [],
    [
      "minecraft:ore_coal_upper",
      "minecraft:ore_coal_lower",
      "minecraft:ore_iron_upper",
      "minecraft:ore_iron_middle",
      "minecraft:ore_iron_small",
      "minecraft:ore_gold",
      "minecraft:ore_gold_lower",
      "minecraft:ore_redstone",
      "minecraft:ore_redstone_lower",
      "minecraft:ore_diamond",
      "minecraft:ore_diamond_large",
      "minecraft:ore_diamond_buried",
      "minecraft:ore_lapis",
      "minecraft:ore_lapis_buried",
      "minecraft:ore_copper",
      "minecraft:underwater_magma"
    ],
    [],
    [],
    [
      "kittyhead:wmeow_tree"
    ],
    [
      "minecraft:freeze_top_layer"
    ]
  ]
}