{
  "loader": "forge:separate_transforms",
  "gui_light": "front",
  "base": {
    "parent": "item/handheld",
    "textures": {
      "layer0": "kittyhead:item/cat_head"
    }
  },
  "perspectives": {
    "gui": {
      "parent": "item/generated",
      "textures": {
        "layer0": "kittyhead:item/cat_head"
      }
    },
    "fixed": {
      "parent": "item/generated",
      "textures": {
        "layer0": "kittyhead:item/cat_head"
      }
    },
    "ground": {
      "parent": "item/generated",
      "textures": {
        "layer0": "kittyhead:item/cat_head"
      }
    }
  }
}