{"stats":{"minecraft:mined":{"minecraft:stone":155,"minecraft:sandstone":19,"minecraft:sand":5},"minecraft:picked_up":{"minecraft:sandstone":18,"minecraft:cobblestone":98},"minecraft:custom":{"minecraft:jump":24,"minecraft:time_since_rest":176,"minecraft:leave_game":1,"minecraft:sprint_one_cm":149,"minecraft:crouch_one_cm":85,"minecraft:deaths":1,"minecraft:play_time":8313,"minecraft:damage_taken":50,"minecraft:time_since_death":143,"minecraft:walk_one_cm":4281,"minecraft:sneak_time":85,"minecraft:total_world_time":9562,"minecraft:fall_one_cm":962,"minecraft:fly_one_cm":34804},"minecraft:used":{"kittyhead:power":179,"minecraft:flint_and_steel":6,"minecraft:obsidian":17}},"DataVersion":3465}