{
  "kittyhead:supermeow": {
    "criteria": {
      "supermeow_0": "2025-10-03 16:38:40 +0400"
    },
    "done": true
  },
  "minecraft:recipes/decorations/crafting_table": {
    "criteria": {
      "unlock_right_away": "2025-10-03 16:37:40 +0400"
    },
    "done": true
  },
  "minecraft:adventure/adventuring_time": {
    "criteria": {
      "minecraft:dripstone_caves": "2025-10-03 16:39:30 +0400",
      "minecraft:desert": "2025-10-03 16:37:42 +0400",
      "minecraft:jungle": "2025-10-03 16:38:37 +0400"
    },
    "done": false
  },
  "DataVersion": 3465
}