{
  "schemaVersion": 1,
  "id": "kittyhead",
  "version": "1.0.0",
  "name": "kittyhead",
  "authors": [
    "MCreator"
  ],
  "contact": {
    "homepage": "https://mcreator.net",
    "sources": ""
  },
  "license": "Not specified",
  "accessWidener": "kittyhead.accesswidener",
  "environment": "*",
  "entrypoints": {
    "main": [
      "net.nickdelfieh.kittyhead.KittyheadMod"
    ],
    "client": [
      "net.nickdelfieh.kittyhead.ClientInit"
    ]
  },
  "depends": {
    "fabricloader": ">=0.14.21",
    "fabric": "*",
    "minecraft": "~1.20",
    "java": ">=17"
  },
  "mixins": [
    "kittyhead.mixins.json"
  ]
}